player_id,player_name,season,total_matches,avg_impact,std_impact,coefficient_of_variation,avg_balls_faced,avg_legal_balls,player_role
90,SW Billings,2018,8,20.952569169960462,23.42281163210612,1.1178968766124981,9,0,Utility
223,Shahbaz Ahmed,2021,9,30.080567580567713,34.15850230210197,1.1355670803289177,5,9,Utility
72,JC Buttler,2025,14,49.13726552872513,36.35152212751698,0.7397953821070132,23,0,Batsman
116,HV Patel,2024,14,52.71886446886452,32.1673081238955,0.6101669383052313,1,21,Bowler
203,A Nortje,2023,10,29.14285714285714,26.335249219893914,0.9036605124473404,2,24,Bowler
76,JD Unadkat,2024,11,15.84493257938251,26.157155839368638,1.650821529742855,2,17,Bowler
53,UT Yadav,2022,12,40.583333333333336,32.699620051541146,0.8057401244732931,3,24,Bowler
86,B Kumar,2019,15,25.488888888888933,26.13772031529186,1.0254554613671591,1,23,Bowler
140,MM Ali,2021,15,42.630766141582434,31.1283067196693,0.7301840791762471,17,10,All-Rounder
6,KH Pandya,2023,15,31.549509257437713,34.46255439456429,1.092332502333292,11,16,All-Rounder
163,N Pooran,2023,15,33.75783496513546,29.121392949872973,0.862655824342677,13,0,Utility
317,Rahmanullah Gurbaz,2023,11,29.755191777919034,29.49474317530524,0.9912469526475353,15,0,Batsman
93,GJ Maxwell,2022,13,47.62619494633088,31.58088755536417,0.6630991115488466,13,11,All-Rounder
153,S Dube,2020,10,28.276127381390648,27.693199194478026,0.9793844404840154,10,5,Utility
59,N Rana,2018,15,29.91571543237175,31.287237774436843,1.0458462156843813,15,2,Batsman
152,SO Hetmyer,2021,13,24.411849261849248,19.497930587801388,0.7987076431064436,11,0,Utility
15,KM Jadhav,2019,12,15.595436216308224,18.806885862314708,1.205922399441976,14,0,Utility
55,YS Chahal,2019,14,31.988095238095237,27.266057316063893,0.852381397301588,1,21,Bowler
368,SD Hope,2024,9,29.444490753896826,24.4874701646841,0.8316486221261379,13,0,Utility
34,KL Rahul,2022,14,51.93813934504017,45.34501286860402,0.8730580925774778,32,0,Batsman
61,RK Singh,2023,14,43.67569543901124,26.442678589482973,0.6054323422601832,22,0,Batsman
121,PP Shaw,2021,15,37.48125626274032,30.58754978950158,0.8160758960448268,20,0,Batsman
165,SPD Smith,2020,14,25.71171967605007,25.15679084515711,0.978417280606483,16,0,Batsman
28,R Tewatia,2018,9,25.121693121693266,28.39908947383353,1.1304608067722213,4,14,Bowler
101,Shubman Gill,2023,17,61.641925834608614,43.898766187916614,0.7121576036689923,33,0,Batsman
258,AK Markram,2023,13,27.809859446737313,25.370287997738615,0.9122767429417946,15,3,Batsman
167,CV Varun,2025,13,33.15384615384615,31.217239237975956,0.9415872623983468,0,23,Bowler
38,DA Miller,2021,8,18.859390798786624,25.34868152086992,1.3440880350441016,14,0,Utility
128,MK Lomror,2024,10,18.498087206910718,16.64483185176282,0.8998136761699589,6,0,Utility
78,WP Saha,2021,9,20.043940825270724,10.414410832126165,0.519579005092453,15,0,Batsman
138,M Prasidh Krishna,2019,11,8.545454545454726,13.26372054999233,1.5521375111692823,0,22,Bowler
208,PJ Cummins,2020,14,33.300823359647026,36.79450128257296,1.1049126589212046,8,22,Bowler
71,RA Tripathi,2018,12,23.187109825040835,22.419455110784938,0.966893040139618,13,0,Utility
215,T Natarajan,2023,12,25.75,26.244912926993194,1.0192199194948814,0,22,Bowler
140,MM Ali,2024,8,23.364316239316384,24.138247941204213,1.033124517489003,12,6,All-Rounder
1,RG Sharma,2025,15,32.0693604784909,32.45095881591516,1.0118991564449873,18,0,Batsman
41,R Ashwin,2025,9,22.61111111111133,20.40305668820762,0.9023464874391489,3,20,Bowler
97,Sandeep Sharma,2024,10,38.300000000000196,43.79009978872122,1.1433446420031592,0,22,Bowler
7,KA Pollard,2021,14,34.812734184582915,43.96827880268064,1.2629941265042126,11,5,Utility
40,AR Patel,2018,9,17.373607873608,9.817659689645746,0.565090438386123,7,17,Bowler
67,AM Rahane,2019,13,36.18005523887874,32.32207975736471,0.8933673413143858,21,0,Batsman
47,V Kohli,2021,15,32.57236753853154,24.534201503204947,0.7532213147902795,22,0,Batsman
323,C Green,2024,13,46.49414820931857,38.129872704512294,0.8201004679739489,13,16,All-Rounder
219,TU Deshpande,2025,10,18.066666666666798,28.966903208342327,1.6033341259229954,0,19,Bowler
376,Naman Dhir,2025,14,31.464243273066767,22.511658789786647,0.7154679867688575,9,1,Utility
19,DL Chahar,2021,15,27.177777777777997,41.20494011580502,1.5161261694286272,0,21,Bowler
120,JC Archer,2020,14,48.79220779220784,27.312812699082933,0.559778168173911,4,23,Bowler
416,Priyansh Arya,2025,18,41.12100407631433,35.27227393442177,0.8577678178519619,16,0,Batsman
26,V Shankar,2018,11,27.20928533831757,28.194724325029973,1.036217011011482,13,2,Utility
113,H Klaasen,2023,11,50.61161341600525,30.787589069388435,0.6083107609379682,23,0,Batsman
310,M Pathirana,2023,12,48.99722222222234,21.38046620204597,0.4363607819454918,0,23,Bowler
203,A Nortje,2020,16,35.89508928571438,28.90200858292634,0.8051800164884626,0,22,Bowler
6,KH Pandya,2020,16,17.491066821465687,22.78434600829441,1.3026275778863652,5,18,Bowler
66,Kuldeep Yadav,2018,16,27.633333333333457,32.24411516793348,1.166855796185766,1,19,Bowler
163,N Pooran,2020,14,34.37728554115106,27.47331835416623,0.7991706710315889,15,0,Batsman
407,Aniket Verma,2025,12,26.847471634056973,24.284581098911122,0.9045388493158986,11,0,Utility
79,S Dhawan,2019,16,38.017235253519765,29.311442377890483,0.7710040507266169,24,0,Batsman
5,HH Pandya,2019,16,58.70178299244207,32.81851418499864,0.5590718460668234,13,15,All-Rounder
59,N Rana,2021,17,25.673256493656968,25.267553734299458,0.9841974562339707,18,0,Batsman
216,YBK Jaiswal,2021,10,31.333566362594468,20.5598522621008,0.6561606177918144,16,0,Batsman
82,DJ Hooda,2023,12,12.956908831908825,10.969537432985893,0.846616857098766,7,0,Utility
209,D Padikkal,2024,8,7.224581339712899,7.198357071774429,0.9963701332014469,6,0,Utility
35,MA Agarwal,2018,11,13.095530665506736,11.460673536327478,0.8751591538412853,8,0,Utility
72,JC Buttler,2022,17,61.3323360965191,48.78721539179308,0.7954566627792609,34,0,Batsman
48,AB de Villiers,2019,13,41.68149966679849,39.56058180264252,0.9491160855268989,22,0,Batsman
64,PP Chawla,2024,11,27.84848484848509,28.86072442163239,1.036348102191361,1,19,Bowler
41,R Ashwin,2022,17,33.66998698793026,27.318221585088036,0.8113523059833926,7,23,Bowler
71,RA Tripathi,2021,16,31.334525734048718,23.692535175470056,0.7561159653910215,17,0,Batsman
215,T Natarajan,2020,16,29.30978260869575,26.611522417814363,0.9079399452768082,0,23,Bowler
228,JR Hazlewood,2021,9,29.259259259259334,28.03942055282646,0.958309310033307,0,23,Bowler
78,WP Saha,2018,10,17.24629629629629,14.615920674874058,0.8474817099143127,10,0,Utility
91,SN Thakur,2019,9,26.814814814814888,31.051977531905596,1.158015736687084,0,20,Bowler
11,M Markande,2023,10,31.2,35.99861108431824,1.1538016373178923,1,22,Bowler
28,R Tewatia,2021,14,23.425475987496903,26.529902845934057,1.132523533784078,10,15,All-Rounder
101,Shubman Gill,2020,14,36.565716867894075,23.73865303749445,0.6492051864662821,26,0,Batsman
155,DA Warner,2022,12,44.89912376862376,34.14573028322061,0.7604988119407845,23,0,Batsman
185,Arshdeep Singh,2021,12,40.71590909090933,36.41017460776379,0.894249334491542,0,20,Bowler
121,PP Shaw,2018,9,34.84758698092028,30.42187603328673,0.8729980658328877,17,0,Batsman
322,HC Brook,2023,11,19.837698983631967,32.37645174135886,1.63206689284239,14,0,Utility
3,Ishan Kishan,2025,14,32.88340123283355,42.98926298066243,1.3073241017945048,16,0,Batsman
10,Mustafizur Rahman,2022,8,29.0,37.97179404317293,1.3093722083852735,0,24,Bowler
167,CV Varun,2022,11,12.507575757576,16.937485323710558,1.3541781118896126,1,21,Bowler
17,RA Jadeja,2019,16,36.7126225490196,32.07553075855343,0.8736921672028575,5,20,Bowler
7,KA Pollard,2018,8,22.4266304347826,19.838481392935687,0.8845948324973144,12,0,Utility
40,AR Patel,2021,12,40.16590909090925,23.9280738003354,0.595730915642366,3,23,Bowler
344,Naveen-ul-Haq,2024,10,34.7470355731226,26.554747642435938,0.7642305941913637,0,21,Bowler
237,M Shahrukh Khan,2021,10,19.232790085731242,16.68966593869226,0.8677714395205863,11,0,Utility
70,BA Stokes,2020,8,47.43972776127412,50.76349532599951,1.0700629561251116,25,11,All-Rounder
107,Mohammed Siraj,2024,14,25.404761904762,24.918732380344224,0.9808685660491597,0,23,Bowler
47,V Kohli,2018,14,45.89164454976664,33.32147551499078,0.7260902467519051,27,0,Batsman
60,KD Karthik,2019,12,28.146267696267675,31.983342556747726,1.136326240547654,14,0,Utility
34,KL Rahul,2025,13,48.43579658055024,41.000241996986524,0.846486377669083,27,0,Batsman
146,Abhishek Sharma,2023,11,28.38289488289498,31.0724303435152,1.094759025522836,14,6,All-Rounder
216,YBK Jaiswal,2024,15,35.56035923141185,32.34366687770401,0.909542748632685,18,0,Batsman
19,DL Chahar,2024,8,14.161184210526748,19.759683768066346,1.3953411998819942,0,17,Bowler
210,I Udana,2020,10,19.6000000000002,21.335821614144997,1.0885623272522846,1,17,Bowler
13,AT Rayudu,2020,12,34.145679251232636,24.526052231647842,0.7182768880124846,23,0,Batsman
73,K Gowtham,2018,15,33.688888888889196,29.440137450794918,0.8738827079721367,4,16,Bowler
330,Dhruv Jurel,2024,11,27.87614109004481,23.439230349954183,0.8408348298367901,12,0,Utility
56,SP Narine,2020,10,28.371428571428567,29.190375203740487,1.0288651884500677,8,22,Bowler
409,RD Rickelton,2025,14,38.2641651074487,20.94430932837747,0.5473609386109497,18,0,Batsman
123,Avesh Khan,2021,16,42.72916666666675,27.751801743310423,0.6494814644948307,0,22,Bowler
2,E Lewis,2018,13,35.097945642743,26.747959764376915,0.7620947401491984,21,0,Batsman
29,CH Morris,2019,9,38.29629629629637,28.599458252660764,0.7467943644311791,4,22,Bowler
46,Q de Kock,2025,8,23.71246453341739,39.77388549174675,1.677340853191131,14,0,Utility
299,DJ Mitchell,2024,13,33.41615702838611,26.230279584848876,0.784957993899986,17,2,Batsman
86,B Kumar,2025,14,31.891941391941575,28.188283348188875,0.8838685297255521,1,22,Bowler
189,Harpreet Brar,2023,12,23.367690058479667,35.15522005171952,1.5044371079786036,3,13,Bowler
276,PVD Chameera,2022,12,25.666666666667,30.383907223756086,1.1837885931333387,2,22,Bowler
346,PD Salt,2023,9,33.0632657103245,38.44947219920727,1.1629060642730416,14,0,Utility
25,SS Iyer,2020,17,34.17556118614399,26.534882784681773,0.7764285900136141,24,0,Batsman
79,S Dhawan,2022,14,39.299489113651816,29.072609402459392,0.7397706702594304,26,0,Batsman
283,JM Sharma,2025,14,34.01798326986296,28.72197969259957,0.8443175324283495,10,0,Utility
72,JC Buttler,2019,8,53.484610123118976,41.03758564661232,0.7672783918990115,25,0,Batsman
209,D Padikkal,2021,14,35.68867749528958,32.49693960347682,0.9105672130262034,23,0,Batsman
4,SA Yadav,2023,16,48.134443167903,36.71861590944927,0.7628345420215429,20,0,Batsman
91,SN Thakur,2022,14,36.93866565765103,36.132880076503206,0.9781858503332017,6,20,Bowler
27,RR Pant,2025,14,23.996879079500637,37.02570246312641,1.542938243780028,14,0,Utility
85,Rashid Khan,2018,17,43.088235294117645,41.65341946276652,0.966700519954991,1,24,Bowler
67,AM Rahane,2025,12,40.06980329331686,19.49820240282101,0.4866058927240371,22,0,Batsman
268,Tilak Varma,2024,13,41.98356969353551,24.502199125030682,0.5836140019509454,21,0,Batsman
131,TG Southee,2022,9,46.333333333333336,34.90164752558251,0.7532729681780398,1,23,Bowler
155,DA Warner,2019,12,64.16071979269111,33.25136554129525,0.5182511301109669,40,0,Batsman
288,M Theekshana,2022,9,33.94444444444444,36.71549778741639,1.0816349593674224,0,23,Bowler
81,MK Pandey,2019,12,34.50788127216696,31.314436979485027,0.9074575379608231,22,0,Batsman
118,F du Plessis,2023,14,60.78657301443412,26.678799927074085,0.4388929759330083,33,0,Batsman
205,Ravi Bishnoi,2022,14,24.52380952380957,23.095015292909693,0.9417384876720439,0,23,Bowler
8,JJ Bumrah,2022,14,29.383333333333432,46.138596020414795,1.5702301538428125,0,22,Bowler
315,J Little,2023,10,23.4166666666668,26.952203922801903,1.1509837974150214,0,20,Bowler
41,R Ashwin,2019,14,35.68537414965996,27.45838260052387,0.7694576070680071,2,23,Bowler
185,Arshdeep Singh,2024,14,31.10448319796186,29.40063631956149,0.9452218232479099,0,21,Bowler
124,Mohammad Nabi,2019,8,49.20909706235824,41.259894248463155,0.838460705673551,9,21,Bowler
14,SK Raina,2018,15,37.001825372242436,28.65393549429724,0.7743924848581251,22,0,Batsman
40,AR Patel,2024,14,44.40233714237054,31.86385989979611,0.7176167280931324,12,18,All-Rounder
197,P Simran Singh,2024,14,28.515293798678865,24.965821040312157,0.8755238931281445,15,0,Batsman
60,KD Karthik,2022,16,30.09788317500911,24.435761572865438,0.8118764177128228,11,0,Utility
97,Sandeep Sharma,2018,12,28.458333333333332,18.94664558141833,0.6657679267262664,0,22,Bowler
181,R Parag,2025,14,44.74634333920055,32.26263284131487,0.7210116052779405,17,8,All-Rounder
17,RA Jadeja,2022,10,32.84107142857148,22.34571202031305,0.6804197015592023,9,19,Bowler
53,UT Yadav,2019,11,20.405797101449455,29.545650138962884,1.4479047298213217,2,20,Bowler
69,SV Samson,2024,15,42.63391792545107,35.7100995149085,0.8375983548439193,23,0,Batsman
86,B Kumar,2022,14,26.079670329670428,22.643430785430336,0.8682406832293913,1,22,Bowler
46,Q de Kock,2022,15,44.7636885891196,44.478101313086256,0.9936201129747212,22,0,Batsman
56,SP Narine,2023,14,20.333333333333428,29.397220637274113,1.44576494937413,1,20,Bowler
83,YK Pathan,2018,14,24.135601694131623,15.863093288134523,0.6572487186839642,14,0,Utility
116,HV Patel,2021,15,63.67921727395426,35.54043966011525,0.5581167794072716,3,22,Bowler
213,JO Holder,2023,8,11.779761904762498,22.42238439585426,1.9034666894913217,1,21,Bowler
223,Shahbaz Ahmed,2024,16,25.41016599630495,28.915038256397192,1.1379318915351402,10,10,All-Rounder
253,VR Iyer,2023,14,33.227793564978406,38.41183079851388,1.1560150909026765,19,0,Batsman
283,JM Sharma,2022,11,32.28804905600998,14.571630036499569,0.45130103745885064,13,0,Utility
26,V Shankar,2024,8,14.028409090909086,8.764966538997859,0.6248011789646106,9,0,Utility
146,Abhishek Sharma,2020,8,15.826121794871774,16.635285135295735,1.051128340278928,7,7,Utility
3,Ishan Kishan,2022,14,38.40829105633162,31.26488535351747,0.8140139666110826,24,0,Batsman
33,Mohammed Shami,2021,14,35.84307359307371,28.992097755382094,0.8088619320019617,1,22,Bowler
8,JJ Bumrah,2025,12,46.56666666666666,34.398581718472414,0.7386953840760003,0,23,Bowler
32,TA Boult,2020,15,44.54666666666667,27.71520641573262,0.6221611736545785,0,23,Bowler
9,MJ McClenaghan,2018,11,35.43939393939418,21.59671692221267,0.6093985963514437,0,21,Bowler
22,Imran Tahir,2019,17,40.82156862745106,34.25416021201026,0.8391191559693165,0,22,Bowler
252,PWH de Silva,2022,16,43.888959176788205,37.03754476441858,0.8438920735219172,2,21,Bowler
55,YS Chahal,2022,17,42.1764705882353,36.77037750370135,0.8718220607572146,0,24,Bowler
85,Rashid Khan,2021,14,42.43256217466743,20.497601051508315,0.48306300635660276,4,24,Bowler
152,SO Hetmyer,2024,11,15.188311688311682,15.9822692804983,1.0522742493359296,6,0,Utility
92,Shivam Mavi,2018,10,18.900000000000198,17.04608857780754,0.9019094485612361,1,16,Bowler
39,MP Stoinis,2025,12,18.46137849079025,23.186265196878804,1.2559335809319785,7,7,Utility
62,AD Russell,2019,13,72.48373975815663,52.399969688111035,0.7229203385882754,19,13,All-Rounder
151,KK Ahmed,2023,9,25.24074074074089,20.05930635901802,0.7947194008708487,0,22,Bowler
121,PP Shaw,2024,8,30.24642255892255,22.80710950118008,0.7540432081430434,15,0,Batsman
181,R Parag,2022,16,22.407678091397845,23.468047038044425,1.047321678860321,8,1,Utility
371,MA Starc,2025,12,38.55391849529817,53.777797647992905,1.3948724214518262,0,19,Bowler
14,SK Raina,2021,11,21.378787878787875,20.37742363350661,0.9531608503270279,11,0,Utility
4,SA Yadav,2020,16,37.20514812350007,30.022749811565294,0.8069514926242661,20,0,Batsman
265,TH David,2023,15,24.742121036857853,21.70129434704985,0.8770991910807426,9,0,Utility
78,WP Saha,2024,9,19.903344150402944,16.559375431343156,0.8319896046719321,12,0,Utility
235,RM Patidar,2024,13,39.19943573706114,27.490424232859873,0.7012964272561972,17,0,Batsman
414,V Nigam,2025,14,33.269289533995405,31.43991637491239,0.9450131582397119,5,16,Bowler
38,DA Miller,2024,9,31.608121750602006,23.079537689564514,0.7301774484314286,15,0,Batsman
64,PP Chawla,2018,15,23.94188034188056,24.70849580365005,1.0320198518588568,2,19,Bowler
205,Ravi Bishnoi,2025,12,18.232142857143014,20.265647466174183,1.1115340431985745,1,18,Bowler
34,KL Rahul,2019,14,50.55461489171885,34.88302405567201,0.6900067210557678,31,0,Batsman
74,S Gopal,2019,14,42.14285714285733,28.50939694707176,0.6764941648457675,3,20,Bowler
91,SN Thakur,2025,10,35.2333333333334,34.57262886542858,0.9812477445249341,1,20,Bowler
234,M Jansen,2023,8,33.340909090909335,26.360192838750677,0.7906260974131024,5,20,Bowler
288,M Theekshana,2025,11,20.395104895104893,20.533506251178498,1.0067860085439826,2,22,Bowler
164,SM Curran,2024,13,51.03497110851193,32.35584777640745,0.6339936532463509,16,18,All-Rounder
224,DR Sams,2022,11,37.66391184573015,31.706180811653056,0.8418185806487729,3,22,Bowler
27,RR Pant,2022,14,33.25755176678819,18.038896255935562,0.5424000053410319,16,0,Batsman
156,JM Bairstow,2024,11,36.533867462076486,39.126163540806914,1.0709559720558282,17,0,Batsman
176,AS Joseph,2022,9,20.648148148148223,19.222643701223802,0.930962116471822,0,20,Bowler
110,CJ Jordan,2020,9,35.4391534391537,31.089390245147225,0.8772610863441,3,21,Bowler
16,MS Dhoni,2018,15,40.30470411089333,28.01477053256368,0.6950744621641324,20,0,Batsman
152,SO Hetmyer,2025,14,27.070124621755035,18.678255599232063,0.6899951832590084,12,0,Utility
113,H Klaasen,2024,15,41.9371707737642,33.5985830050471,0.8011647515827723,18,0,Batsman
270,R Powell,2024,10,18.2,16.575081699145056,0.9107187746782998,6,0,Utility
3,Ishan Kishan,2023,15,39.45089922168426,28.628563035916006,0.7256758046260264,21,0,Batsman
56,SP Narine,2018,16,54.31414473684218,31.513129626564695,0.5802011571617148,11,22,All-Rounder
12,SR Watson,2019,17,27.45879641563741,33.66850591465531,1.2261464561309598,18,0,Batsman
85,Rashid Khan,2024,12,34.05690836940835,20.955743987393806,0.6153155113227284,5,21,Bowler
35,MA Agarwal,2021,12,43.635076498150994,38.16918782683121,0.8747363563909096,26,0,Batsman
79,S Dhawan,2020,17,42.279486464619445,39.857991113159095,0.9427264720093816,25,0,Batsman
39,MP Stoinis,2020,17,41.79571142153603,41.83218233800462,1.0008725994899514,13,10,All-Rounder
183,LS Livingstone,2025,9,23.462962962962955,26.51595140688611,1.13011947590517,9,6,Utility
216,YBK Jaiswal,2022,10,30.35362339510782,27.02639946340978,0.8903846210256962,19,0,Batsman
25,SS Iyer,2018,13,36.86644090676346,35.708266277879936,0.9685845826069138,23,0,Batsman
62,AD Russell,2022,13,67.71568930974712,60.297179080503874,0.8904462126153767,14,13,All-Rounder
149,RD Chahar,2021,11,32.075757575757635,35.17688347925561,1.0966812988336636,1,23,Bowler
69,SV Samson,2025,9,38.650066020184845,22.314291352859833,0.577341610262872,22,0,Batsman
286,B Sai Sudharsan,2023,8,51.21044782002068,32.18017243898342,0.6283907641675144,32,0,Batsman
71,RA Tripathi,2022,14,37.75333450333448,30.83254987919205,0.8166841494880097,18,0,Batsman
228,JR Hazlewood,2022,12,42.94354256854272,37.67220041056003,0.8772494805343776,2,23,Bowler
48,AB de Villiers,2020,15,40.89904918509567,31.20293773393084,0.7629257490245455,19,0,Batsman
205,Ravi Bishnoi,2020,14,26.642857142857284,30.285737323464534,1.1367300872077781,0,21,Bowler
8,JJ Bumrah,2020,15,51.38666666666666,45.69438644276726,0.8892265135463271,0,24,Bowler
4,SA Yadav,2021,14,28.17488188140361,28.65993866086919,1.017215929476025,15,0,Batsman
208,PJ Cummins,2024,16,37.96165505675954,20.52395370491637,0.5406496021901402,5,22,Bowler
185,Arshdeep Singh,2022,14,24.092436974789912,21.895777085652153,0.9088236739423113,2,21,Bowler
91,SN Thakur,2020,9,27.968253968254,21.117447059121094,0.7550506042705036,2,21,Bowler
295,Aman Hakim Khan,2023,10,19.097979797979782,17.34354582481243,0.9081351016324282,10,0,Utility
118,F du Plessis,2021,16,49.79005892179346,33.70250966027494,0.6768923433734503,28,0,Batsman
178,HF Gurney,2019,8,19.3958333333335,21.088050008822446,1.0872464021734358,0,20,Bowler
38,DA Miller,2025,10,20.024876585402872,11.940803687111334,0.5962984908389188,12,0,Utility
157,LH Ferguson,2022,13,29.75641025641031,37.730502408075736,1.2679789693364507,0,22,Bowler
235,RM Patidar,2025,14,25.671353254233683,21.6945800940229,0.8450890718215278,15,0,Batsman
64,PP Chawla,2019,13,22.178980898438315,26.964409259159837,1.2157641229159666,2,20,Bowler
294,Yash Dayal,2024,14,26.46679197995,30.691046171638348,1.1596058258548465,0,21,Bowler
60,KD Karthik,2020,14,18.781050859078796,20.244651735911415,1.0779296583463065,9,0,Utility
37,KK Nair,2018,13,31.56248513274381,20.161321195375322,0.6387748338124174,17,0,Batsman
107,Mohammed Siraj,2019,9,20.626984126984222,22.24844576599138,1.0786087597210086,1,18,Bowler
16,MS Dhoni,2021,13,16.383244206773607,13.063851548260306,0.7973910040881337,8,0,Utility
33,Mohammed Shami,2019,14,39.77380952380957,25.201971088872124,0.6336323171102233,0,23,Bowler
223,Shahbaz Ahmed,2022,16,20.590043058793206,20.23583129629914,0.9827969392058752,11,13,All-Rounder
39,MP Stoinis,2023,15,41.33645077462739,37.61654743804284,0.9100091259197355,18,4,Batsman
56,SP Narine,2021,14,40.88095238095237,38.39295411294793,0.9391404034617434,3,24,Bowler
183,LS Livingstone,2022,14,51.8748239194668,38.74056602872177,0.7468086270300341,17,9,All-Rounder
213,JO Holder,2021,8,63.2246496943838,42.860381612499054,0.6779061935444193,9,23,Bowler
3,Ishan Kishan,2020,13,45.44606517450816,31.761561051868643,0.6988847313823001,27,0,Batsman
62,AD Russell,2025,12,31.057446311858158,25.692096899135414,0.8272443471737024,8,9,Utility
160,K Rabada,2020,17,51.71093285799188,38.01620383715038,0.735167627734548,2,23,Bowler
253,VR Iyer,2021,10,51.663638395737664,23.1633048499005,0.44834830780736323,28,5,Batsman
76,JD Unadkat,2019,11,20.490909090909454,22.717267494666732,1.108651031239262,0,20,Bowler
163,N Pooran,2024,14,47.46534736025827,30.041133586737462,0.6329066415279259,20,0,Batsman
320,Mukesh Kumar,2024,10,51.98333333333339,29.11031063360857,0.5599931510152332,0,21,Bowler
123,Avesh Khan,2024,15,33.0594202898552,30.513465799595348,0.9229885319241029,0,21,Bowler
140,MM Ali,2022,10,53.07180331994577,46.137864947809966,0.8693479788064814,17,14,All-Rounder
153,S Dube,2023,14,38.72358953293824,20.92944458183248,0.5404830707656871,18,0,Batsman
46,Q de Kock,2020,16,44.50367679157721,29.223447179316725,0.6566524225892179,22,0,Batsman
152,SO Hetmyer,2022,15,27.313873056804717,25.0385686138432,0.916697846613347,13,0,Utility
159,KMA Paul,2019,8,35.836622807018,48.006470634059596,1.3395924859487132,3,20,Bowler
289,Shashank Singh,2024,14,35.38399518120802,27.78236675015472,0.7851676049546144,15,0,Batsman
319,RR Rossouw,2023,9,29.077486577486557,29.936354806986767,1.0295372238316223,15,0,Batsman
330,Dhruv Jurel,2025,13,34.38852770582824,25.608206324581364,0.7446729485962038,16,0,Batsman
212,PK Garg,2020,13,15.184746877054552,14.937692745327059,0.9837301119519606,8,0,Utility
69,SV Samson,2022,17,37.69612188718776,23.795600132951453,0.6312479624340125,18,0,Batsman
19,DL Chahar,2025,14,22.000000000000323,25.371597283536193,1.153254421978901,1,17,Bowler
79,S Dhawan,2023,11,41.32829447392908,37.250313887134766,0.901327150352967,23,0,Batsman
216,YBK Jaiswal,2025,14,52.59796716721606,28.783870052373707,0.5472430134203834,25,0,Batsman
373,Azmatullah Omarzai,2025,8,27.145833333333325,24.271846238827205,0.894127873725024,5,20,Bowler
98,AJ Finch,2020,12,24.73921432254762,16.190293927403477,0.6544384844367287,20,0,Batsman
288,M Theekshana,2023,13,21.679487179487232,24.09332371972048,1.1113419575033665,0,22,Bowler
58,RV Uthappa,2020,12,19.59937774249367,17.04020231175991,0.8694256795109787,13,0,Utility
75,DS Kulkarni,2018,8,11.14093137254925,17.01438877618095,1.5271962645873247,0,14,Bowler
258,AK Markram,2024,11,24.864480459042294,20.694236641296108,0.8322810796463024,16,1,Batsman
61,RK Singh,2024,12,19.872835497835485,13.64978291651682,0.6868563330081171,9,0,Utility
91,SN Thakur,2023,10,30.29331243469187,39.25378780995788,1.2957905443514484,7,12,Bowler
121,PP Shaw,2022,10,36.080689532056475,27.75843349850573,0.7693432098586502,18,0,Batsman
278,MS Wade,2022,10,21.4152519893899,10.82025401046813,0.5052592430772694,13,0,Utility
38,DA Miller,2022,16,35.99933703744653,27.703981332189038,0.7695692091043604,21,0,Batsman
197,P Simran Singh,2025,18,40.35248561069866,32.34539040399704,0.8015712022315002,20,0,Batsman
205,Ravi Bishnoi,2023,14,34.792857142857144,30.906943812421435,0.8883128995563541,1,21,Bowler
27,RR Pant,2020,14,33.28020338642562,21.81245336428739,0.6554182710669456,21,0,Batsman
44,Mujeeb Ur Rahman,2018,11,36.36363636363637,26.56039430156385,0.7304108432930058,0,22,Bowler
60,KD Karthik,2023,13,17.403233518618123,14.97574583594581,0.8605151347262354,8,0,Utility
217,RD Gaikwad,2023,16,50.065867188830175,32.188287382141745,0.6429188025594219,25,0,Batsman
4,SA Yadav,2018,14,44.809838308213294,23.623732356464654,0.5271996786503603,27,0,Batsman
14,SK Raina,2019,17,26.717383068776233,25.22181382390466,0.9440226147515399,18,0,Batsman
90,SW Billings,2022,8,28.190319612920774,14.493805367620443,0.5141412217610097,17,0,Batsman
80,KS Williamson,2021,10,33.53405339850381,23.2553925308842,0.6934858799956998,23,0,Batsman
181,R Parag,2020,8,12.838675213675188,16.63323950557774,1.295557308581243,9,1,Utility
174,JP Behrendorff,2023,12,33.180555555556,36.50767584526438,1.100273194164504,0,21,Bowler
228,JR Hazlewood,2025,12,43.85850495804767,36.197246506681196,0.8253187504066827,0,22,Bowler
385,Ashutosh Sharma,2025,10,25.556245833962283,25.61422912595731,1.0022688501422212,12,0,Utility
57,CA Lynn,2019,13,35.62060938598192,32.13366780952607,0.9021088735829405,22,0,Batsman
301,Harshit Rana,2024,11,44.334130781499276,31.321997874573906,0.7064985220742084,0,23,Bowler
7,KA Pollard,2022,11,24.72633805588348,22.048901822201426,0.8917172357819084,12,7,All-Rounder
67,AM Rahane,2020,8,18.21596109839815,23.219811478873524,1.2746959303133008,13,0,Utility
97,Sandeep Sharma,2019,11,29.277997364954185,31.93867362382927,1.0908763063849414,0,23,Bowler
163,N Pooran,2021,11,10.36776859504132,9.840619448717906,0.9491550046192642,6,0,Utility
343,Noor Ahmad,2023,13,30.662572721396614,27.299268529893457,0.890312394133966,0,21,Bowler
209,D Padikkal,2025,10,29.66700336700334,27.038230920018723,0.9113906984650688,16,0,Batsman
366,R Ravindra,2025,8,28.517575828410315,26.724037103400352,0.9371076021397594,18,0,Batsman
56,SP Narine,2024,14,79.09794223633507,45.9264051346813,0.5806270534505028,19,23,All-Rounder
140,MM Ali,2019,11,42.38401875901893,39.4455000234386,0.9306691809408696,12,13,All-Rounder
16,MS Dhoni,2024,13,22.13226196880042,19.468923227070135,0.8796626054090286,5,0,Utility
33,Mohammed Shami,2022,16,33.19791666666675,26.363148996278916,0.7941205847639692,0,22,Bowler
55,YS Chahal,2025,13,28.205128205128613,35.07974736530582,1.2437364974971883,0,20,Bowler
252,PWH de Silva,2025,11,23.66666666666673,32.01857100010693,1.3528973662016979,1,22,Bowler
26,V Shankar,2019,15,25.79322732459985,17.505316718534196,0.678678805805693,12,3,Utility
5,HH Pandya,2022,15,49.71912640475969,39.38432471146645,0.7921362976260203,24,12,All-Rounder
43,MM Sharma,2025,8,1.8750000000002496,16.004153726702803,8.535548654240358,0,18,Bowler
92,Shivam Mavi,2021,9,42.12460638776437,26.463777931094604,0.6282261177111282,2,21,Bowler
379,TM Head,2024,15,46.0668879562172,45.41721775939284,0.9858972414754429,19,0,Batsman
69,SV Samson,2019,11,37.904714105671026,32.881164192828706,0.8674689934650969,20,0,Batsman
32,TA Boult,2023,10,35.180303030303165,24.30212603379116,0.6907878540118914,1,22,Bowler
82,DJ Hooda,2018,9,14.654545454545444,13.097369775696263,0.8937411137261725,9,2,Utility
42,AJ Tye,2018,14,53.964285714285715,41.69553761666658,0.7726505977939537,2,24,Bowler
72,JC Buttler,2023,14,36.78153156321116,37.350615386905226,1.0154719991122736,20,0,Batsman
38,DA Miller,2019,10,28.599814814814813,23.920340485818247,0.8363809570342889,16,0,Batsman
151,KK Ahmed,2024,14,25.619047619047713,23.974383459664914,0.935803071845653,0,21,Bowler
308,T Stubbs,2024,14,42.285453133822685,34.010311350469344,0.8043028708439135,14,0,Utility
41,R Ashwin,2023,13,35.010489510489506,26.802191906518658,0.7655474768065852,3,22,Bowler
101,Shubman Gill,2021,17,32.20456472876393,21.79075891484741,0.6766357222454464,23,0,Batsman
107,Mohammed Siraj,2025,15,25.4111111111112,35.077457751781864,1.380398424862421,0,22,Bowler
11,M Markande,2018,14,26.821428571429,33.61848953816671,1.2534190506906164,1,18,Bowler
1,RG Sharma,2023,16,23.773812755062732,25.2436851215272,1.0618273720588403,15,0,Batsman
18,DJ Bravo,2021,11,39.181818181818365,30.58516838685911,0.7805959449082335,1,18,Bowler
121,PP Shaw,2019,16,25.180303797080104,28.52079468184601,1.132662850761684,16,0,Batsman
265,TH David,2024,12,27.650997014967583,22.42642094390239,0.8110528865112129,12,0,Utility
155,DA Warner,2023,14,44.55691553950085,27.535942080497314,0.6179947993950792,28,0,Batsman
28,R Tewatia,2024,11,23.40495867768593,19.367403829098755,0.827491477161353,11,0,Utility
277,Mohsin Khan,2024,10,20.35,23.69253281333828,1.1642522266996695,0,22,Bowler
7,KA Pollard,2019,14,27.455535017977393,28.718507433038486,1.0460006484752207,12,0,Utility
164,SM Curran,2019,9,41.50685425685451,45.49835349001427,1.096164821560781,6,22,Bowler
254,Umran Malik,2022,14,39.05402930402958,46.91617337974694,1.20131454336022,0,21,Bowler
30,DT Christian,2021,10,17.2166666666668,20.027458003303565,1.1632599033864517,2,10,Utility
138,M Prasidh Krishna,2025,15,43.14444444444453,30.053778957555725,0.6965851419469508,0,23,Bowler
34,KL Rahul,2020,14,56.68070258072822,38.18447440248848,0.6736768011670948,37,0,Batsman
167,CV Varun,2023,14,35.25757575757586,36.460566228962094,1.0341200563435717,0,22,Bowler
324,N Wadhera,2023,11,28.06466082936669,25.913758758475886,0.9233590570016754,15,0,Batsman
391,WG Jacks,2024,8,40.42279270044871,41.53381752285202,1.0274851079844114,16,6,All-Rounder
50,Mandeep Singh,2019,13,16.452039790275077,14.09001724963711,0.8564298062277861,9,0,Utility
120,JC Archer,2018,10,37.846650717703604,31.366705191650034,0.8287841750017146,2,23,Bowler
80,KS Williamson,2018,17,50.82541406369073,28.0232969227394,0.5513638686272705,30,0,Batsman
66,Kuldeep Yadav,2024,11,39.05710955710967,31.540104378535887,0.8075381085847546,3,23,Bowler
5,HH Pandya,2025,15,39.55857433274321,45.78887839380479,1.1574956672769843,9,14,Bowler
6,KH Pandya,2018,14,48.30735683081236,27.140464716220617,0.5618288082139353,11,17,All-Rounder
13,AT Rayudu,2023,13,14.555708996885453,11.289046055002538,0.7755751408205608,8,0,Utility
377,G Coetzee,2024,10,27.839999999999996,35.414535622161324,1.2720738370029212,2,20,Bowler
53,UT Yadav,2023,8,5.12500000000025,13.71442005555886,2.6759844010845253,2,14,Bowler
190,SE Rutherford,2025,11,32.59084314456532,18.04409487932132,0.5536553564840884,16,0,Batsman
19,DL Chahar,2019,17,33.48179271708706,25.209866751320018,0.7529425608818862,0,22,Bowler
29,CH Morris,2020,9,44.65151515151533,37.3255307789973,0.8359297697366175,2,21,Bowler
59,N Rana,2019,13,37.15176697481917,33.26429209717365,0.8953623153299712,18,3,Batsman
189,Harpreet Brar,2024,13,24.044378698225042,24.65948940894651,1.025582308382411,4,17,Bowler
219,TU Deshpande,2023,16,33.23005952380975,26.36707426597974,0.7934705698341408,0,21,Bowler
346,PD Salt,2024,12,52.59563882702178,41.446658067230345,0.7880246155682497,19,0,Batsman
52,Washington Sundar,2022,9,29.2133110554166,27.88851578629721,0.9546509717229141,7,18,Bowler
149,RD Chahar,2024,9,29.518518518518665,36.62653527730598,1.2407985602098577,1,20,Bowler
209,D Padikkal,2022,17,25.94191900898289,22.53227392437803,0.8685661965321761,18,0,Batsman
72,JC Buttler,2020,12,34.64729506604506,28.833724952854826,0.832207100089391,18,0,Batsman
4,SA Yadav,2024,11,40.08568591289543,43.28633480334448,1.0798451820783093,18,0,Batsman
17,RA Jadeja,2025,14,42.75520606966909,29.436853943083428,0.6884975339638506,15,16,All-Rounder
34,KL Rahul,2023,9,34.179714117368334,31.44192420805499,0.9199001518879836,26,0,Batsman
161,I Sharma,2024,9,30.925925925926443,34.114096865346596,1.1030905573225662,0,18,Bowler
155,DA Warner,2020,16,42.80456388052536,29.8900959225207,0.6982922663561979,25,0,Batsman
214,Abdul Samad,2025,13,19.340909090909086,19.576226657293816,1.0121668306943925,7,0,Utility
18,DJ Bravo,2018,16,36.64114692319637,34.49191436397416,0.9413437422216281,5,20,Bowler
71,RA Tripathi,2019,8,21.497131642512063,19.806535161051205,0.9213571136105625,14,0,Utility
118,F du Plessis,2024,15,39.44715984498591,27.867775523607182,0.7064583517068955,18,0,Batsman
275,A Badoni,2024,13,22.3320255243332,21.906275689987552,0.9809354581884323,13,0,Utility
41,R Ashwin,2020,15,26.517948717948848,25.495808932618267,0.9614547944035076,2,20,Bowler
101,Shubman Gill,2018,11,22.823867478025683,18.42113753658541,0.8070997412827109,12,0,Utility
138,M Prasidh Krishna,2022,17,30.21988795518223,27.68004800133599,0.9159546866086015,0,23,Bowler
1,RG Sharma,2020,12,33.775831991411685,32.71460290115325,0.9685802235596068,21,0,Batsman
31,A Mishra,2019,11,28.752066115702654,27.99161890236695,0.9735515628589769,2,21,Bowler
107,Mohammed Siraj,2022,15,13.132245532245573,23.534325591869635,1.7921021606002014,2,20,Bowler
154,Navdeep Saini,2019,13,23.179487179487232,24.228700223699825,1.045264722040145,0,22,Bowler
284,VG Arora,2024,10,23.966666666667,27.5280776976596,1.1485985131151273,0,18,Bowler
40,AR Patel,2019,14,34.52789963659537,22.450076567894587,0.6502010491278258,6,21,Bowler
47,V Kohli,2024,15,60.6234822503924,36.66296369815795,0.6047650569911075,31,0,Batsman
167,CV Varun,2020,13,35.5,34.508453070709116,0.9720691005833554,1,24,Bowler
39,MP Stoinis,2024,14,41.39182043500983,43.67426838509812,1.055142487721022,18,6,All-Rounder
213,JO Holder,2022,12,36.99285714285714,41.72975006894155,1.1280488529932067,3,20,Bowler
283,JM Sharma,2023,14,28.61069714447041,19.187038775511247,0.6706246505852629,14,0,Utility
16,MS Dhoni,2022,13,24.354265168030338,20.52902207919658,0.8429333399122579,14,0,Utility
306,R Sai Kishore,2025,15,32.157142857143064,23.540966367285574,0.732060260199902,0,17,Bowler
323,C Green,2023,16,43.09289570951843,39.53339323867788,0.9173993204161882,17,14,All-Rounder
53,UT Yadav,2018,14,36.05451127819571,31.7885747644118,0.8816809225101387,0,22,Bowler
80,KS Williamson,2019,9,20.103906047058477,24.030290727682647,1.1953045677508358,14,0,Utility
346,PD Salt,2025,13,43.192691132971035,29.691918811187655,0.6874292393539332,17,0,Batsman
13,AT Rayudu,2018,16,43.5670370428518,34.10101709737728,0.7827251842680074,25,0,Batsman
86,B Kumar,2023,14,35.598901098901095,49.53151186662631,1.39137755204908,3,21,Bowler
146,Abhishek Sharma,2021,8,29.012019230769226,32.1765730966602,1.109077339316484,9,7,Utility
153,S Dube,2024,14,36.69339826551667,27.763495234232064,0.7566346140341911,17,0,Batsman
130,M Ashwin,2022,8,28.479166666667,22.48481630535797,0.7895180560769349,1,21,Bowler
43,MM Sharma,2023,14,57.58843537414986,41.45218310402518,0.7198004744305334,0,18,Bowler
103,CH Gayle,2021,10,23.029691876750668,21.463709971718853,0.9320016128130341,15,0,Batsman
55,YS Chahal,2023,14,38.18012422360257,44.649819710901845,1.1694519234513066,0,22,Bowler
252,PWH de Silva,2023,8,29.16666666666675,22.234322102665438,0.7623196149485271,3,21,Bowler
319,RR Rossouw,2024,8,37.04724854453113,30.868916382013115,0.833231011606932,14,0,Utility
66,Kuldeep Yadav,2025,14,29.571428571428573,31.645790303862597,1.070147498198252,1,22,Bowler
82,DJ Hooda,2024,10,18.68213399503721,18.34967072026377,0.98220421313423,10,1,Utility
202,JL Pattinson,2020,10,27.3035087719302,28.367239080835855,1.038959472857175,1,21,Bowler
5,HH Pandya,2020,13,31.902777384558725,23.292155951053754,0.730098062318781,12,0,Utility
59,N Rana,2022,14,32.68941491735607,24.405720457882676,0.7465939821677487,17,0,Batsman
209,D Padikkal,2023,11,29.00332804450449,24.596667550191473,0.8480636260931447,18,0,Batsman
420,Zeeshan Ansari,2025,10,17.592503987241198,24.883181036042263,1.4144195194776459,0,20,Bowler
32,TA Boult,2021,14,25.944805194805287,29.1242934457322,1.1225481643455744,0,22,Bowler
1,RG Sharma,2021,13,31.62547838662089,18.601142417744704,0.5881695192194749,23,0,Batsman
47,V Kohli,2025,15,50.231767250348774,28.53814576977313,0.5681294394350616,30,0,Batsman
268,Tilak Varma,2022,14,36.673552589934225,23.388931724097095,0.6377601860834351,21,0,Batsman
401,A Kamboj,2025,8,26.5750000000005,28.51363778409434,1.0729496814334452,1,16,Bowler
28,R Tewatia,2022,15,19.83854700854699,18.87875823757307,0.9516200067192211,9,2,Utility
205,Ravi Bishnoi,2024,14,17.452380952381,22.34274854843089,1.280212058709543,0,18,Bowler
362,Nithish Kumar Reddy,2024,13,33.541328056712786,36.543702740840104,1.0895126954737988,16,6,All-Rounder
8,JJ Bumrah,2024,13,43.81605351170569,41.90413077949538,0.9563647891816746,0,23,Bowler
17,RA Jadeja,2020,14,34.322772465629875,28.19541539117146,0.8214783761832111,9,15,Bowler
34,KL Rahul,2018,14,60.336459483319054,35.942686658810864,0.5957042717885654,29,0,Batsman
217,RD Gaikwad,2024,14,48.47029927610844,40.9758446869391,0.8453804762690326,29,0,Batsman
80,KS Williamson,2022,13,21.543173310756416,20.622602669679015,0.9572685682003141,17,0,Batsman
107,Mohammed Siraj,2023,14,36.89285714285729,33.300663935711675,0.9026317426911163,0,21,Bowler
118,F du Plessis,2025,9,27.80025324469767,29.665710911241888,1.0671021824918092,18,0,Batsman
167,CV Varun,2021,17,31.58823529411765,31.171017836143506,0.9867919985371314,0,24,Bowler
237,M Shahrukh Khan,2022,8,17.34253246753245,15.64793669853103,0.9022867178035312,13,0,Utility
275,A Badoni,2025,13,35.07020946030232,23.28520222290807,0.6639595993649745,17,0,Batsman
40,AR Patel,2022,13,32.48858004740382,26.156617498712144,0.8051018992072672,9,19,Bowler
67,AM Rahane,2023,13,34.81517143973719,25.931666406099094,0.744838107460856,14,0,Utility
84,Shakib Al Hasan,2021,8,23.71666666666675,20.54609992729073,0.8663148247627824,6,19,Bowler
214,Abdul Samad,2020,9,19.98120915032679,13.300281175030511,0.6656394552985792,7,4,Utility
66,Kuldeep Yadav,2022,14,40.51419658772644,37.76896035114989,0.9322401412889377,3,21,Bowler
60,KD Karthik,2018,16,42.915075109836806,19.92202329743337,0.4642197001041,21,0,Batsman
46,Q de Kock,2024,11,27.395303289122126,30.636969135893462,1.1183292556596192,16,0,Batsman
6,KH Pandya,2024,14,21.853123067408962,29.067053250497295,1.330109804481308,7,14,Bowler
13,AT Rayudu,2021,14,22.666935350331364,27.46777705309561,1.2117993292240128,12,0,Utility
103,CH Gayle,2018,11,39.33778438155017,36.85757472398255,0.9369509570363382,22,0,Batsman
160,K Rabada,2024,11,26.757575757575818,21.08189898103251,0.7878852393817342,1,22,Bowler
12,SR Watson,2020,11,30.198239667206863,28.651152139867136,0.948768949965658,22,0,Batsman
25,SS Iyer,2021,8,27.814003218157175,13.908240955473076,0.5000445583609366,21,0,Batsman
156,JM Bairstow,2019,10,58.14083796923253,41.37661981468556,0.7116619102838112,28,0,Batsman
232,Lalit Yadav,2022,11,28.235756997223856,17.11830909910112,0.6062635083870496,13,9,All-Rounder
329,Abishek Porel,2024,12,33.69011350059735,25.78222792671679,0.7652757811652862,17,0,Batsman
5,HH Pandya,2023,15,33.88479208532853,30.7823095558811,0.9084402666058929,16,10,All-Rounder
16,MS Dhoni,2025,14,19.55903491932902,17.368818649965597,0.8880202280737808,10,0,Utility
35,MA Agarwal,2022,13,22.67493121508957,19.649652412467464,0.8665804639526817,12,0,Utility
55,YS Chahal,2020,15,37.055555555555735,24.242710135399214,0.6542260606254628,0,22,Bowler
72,JC Buttler,2018,13,53.552741648643014,36.40491896142498,0.6797956153258393,27,0,Batsman
32,TA Boult,2018,14,37.84472049689486,22.76616255364822,0.6015677287276087,0,22,Bowler
286,B Sai Sudharsan,2024,12,47.608213036191756,34.342418062922086,0.7213549064909238,31,0,Batsman
59,N Rana,2025,11,24.10212514757968,31.81306957219902,1.3199279888144497,12,1,Utility
149,RD Chahar,2022,13,34.876273726273865,31.383900600757535,0.8998639260338936,5,21,Bowler
209,D Padikkal,2020,15,38.01555718991934,28.902366302134013,0.7602773295612278,25,0,Batsman
115,AS Rajpoot,2018,8,35.68750000000025,48.7786901738797,1.3668284462032747,2,19,Bowler
328,Yash Thakur,2023,9,39.22302737520155,33.76312451015061,0.8607985351864267,0,21,Bowler
4,SA Yadav,2022,8,45.56163249913246,27.276388090005323,0.5986701220709046,26,0,Batsman
85,Rashid Khan,2019,15,38.185185185185205,18.663225621359434,0.48875566612677446,1,24,Bowler
101,Shubman Gill,2024,12,39.4833402569904,40.23199625930163,1.0189613137449454,24,0,Batsman
1,RG Sharma,2018,14,26.16507417313867,31.313385375453034,1.1967627214907601,15,0,Batsman
40,AR Patel,2025,13,36.08733525393233,31.94520318337436,0.8852192315832847,12,16,All-Rounder
118,F du Plessis,2022,16,33.12758158021313,34.93266907812738,1.0544889609144428,22,0,Batsman
215,T Natarajan,2024,14,33.409523809523996,31.89236821220945,0.9545891283586014,0,22,Bowler
237,M Shahrukh Khan,2025,11,24.892894461859967,22.040070174716533,0.8853960397608871,9,0,Utility
275,A Badoni,2022,12,23.069783197831956,15.196820249648932,0.6587326859264587,10,1,Utility
41,R Ashwin,2018,14,29.814007421150272,27.08510250650852,0.9084690334951132,5,21,Bowler
78,WP Saha,2022,11,38.06194153752551,29.056434242436072,0.763398635715657,23,0,Batsman
168,SL Malinga,2019,12,32.467304625199496,47.0648747159293,1.449608313940539,0,22,Bowler
28,R Tewatia,2025,14,10.753246753246751,8.258454495643603,0.7679963721794173,4,0,Utility
185,Arshdeep Singh,2025,16,33.4583333333335,34.127402913635706,1.019997098290477,0,21,Bowler
100,JJ Roy,2023,8,43.028575251125126,26.86848755235052,0.6244335861817305,23,0,Batsman
221,Kartik Tyagi,2020,10,22.3640350877196,20.4660054527889,0.9151302693147295,0,22,Bowler
84,Shakib Al Hasan,2018,17,38.36753299323365,30.500212815674743,0.7949485003649737,11,20,All-Rounder
17,RA Jadeja,2023,16,47.57552083333345,24.941042604352504,0.5242410838070687,8,21,Bowler
34,KL Rahul,2021,13,59.47816201421818,42.49946901579865,0.7145390438534266,34,0,Batsman
27,RR Pant,2024,13,46.374435604986566,31.092086688195685,0.670457468270566,22,0,Batsman
214,Abdul Samad,2023,8,27.162499999999987,14.870076883053974,0.5474487577746519,16,0,Batsman
268,Tilak Varma,2025,16,28.56529118462157,22.49577728021045,0.7875213711219332,15,0,Batsman
47,V Kohli,2022,16,26.456118607966737,22.85951818102185,0.8640541161672204,18,0,Batsman
107,Mohammed Siraj,2020,9,32.705653021442664,33.67189048245554,1.0295434388782692,1,18,Bowler
308,T Stubbs,2025,14,31.958981540053745,18.877138893879867,0.590667724195823,14,0,Utility
6,KH Pandya,2021,13,23.34690615961538,18.76209219665449,0.8036222045175505,9,15,Bowler
93,GJ Maxwell,2020,13,14.449375410913914,18.247980747681243,1.2628906252860013,8,9,Utility
46,Q de Kock,2021,11,31.080947871052782,24.02276755881019,0.7729097471053571,23,0,Batsman
70,BA Stokes,2018,13,34.916682339759596,23.810112379565435,0.6819122202928449,12,17,All-Rounder
203,A Nortje,2021,8,40.4107142857145,15.232634810343857,0.3769454482453608,0,22,Bowler
156,JM Bairstow,2022,11,27.947087395363244,25.417500241102395,0.9094865551291568,15,0,Batsman
183,LS Livingstone,2023,9,41.273199023199,41.0212164274579,0.9938947646001595,19,4,Batsman
253,VR Iyer,2024,13,35.700258492900616,26.238536701601177,0.7349676951728233,17,0,Batsman
116,HV Patel,2022,15,37.9904625199362,37.14861386505182,0.9778405263046586,2,21,Bowler
66,Kuldeep Yadav,2019,9,14.648148148148222,26.036225357455226,1.7774414276897283,0,22,Bowler
289,Shashank Singh,2025,14,32.52039953510538,31.49206651936419,0.9683788320426039,16,0,Batsman
160,K Rabada,2021,15,29.177777777777997,25.42983395593553,0.8715480030594747,0,22,Bowler
270,R Powell,2022,14,27.053446378551406,27.78965451107015,1.0272130996626894,11,0,Utility
297,HR Shokeen,2023,8,13.876602564102726,18.398992209318997,1.325900350919843,2,14,Bowler
230,MR Marsh,2022,8,46.184979838709836,46.45500118505129,1.0058465186578935,23,9,All-Rounder
149,RD Chahar,2019,13,29.807692307692307,29.68904010849968,0.9960194100916022,0,21,Bowler
239,RP Meredith,2022,8,30.3125,26.91910832210352,0.8880530580487759,0,21,Bowler
25,SS Iyer,2024,14,34.855382238534396,22.374379617011105,0.6419203629411095,17,0,Batsman
85,Rashid Khan,2022,16,44.0129811311877,34.826836811155296,0.7912855688495256,2,23,Bowler
123,Avesh Khan,2025,13,23.149147953496154,22.167483748833142,0.9575939379438475,0,21,Bowler
19,DL Chahar,2020,14,22.083333333333428,26.59869140795057,1.2044690448883226,0,22,Bowler
79,S Dhawan,2018,16,39.875460801729574,33.2334943559257,0.8334322334523145,22,0,Batsman
152,SO Hetmyer,2023,14,31.268628301523016,24.789225019306848,0.7927826184207584,14,0,Utility
320,Mukesh Kumar,2025,12,24.279761904762164,28.805672392912935,1.186406708018956,0,19,Bowler
35,MA Agarwal,2019,13,33.667066578936485,26.301266372048584,0.7812164540793034,18,0,Batsman
69,SV Samson,2023,14,31.844593704087792,27.592198433274532,0.8664641379843577,16,0,Batsman
62,AD Russell,2020,10,28.955194805194786,19.886603073035122,0.6868060535191879,8,10,Utility
266,DP Conway,2023,15,52.11257162340323,37.56353164625083,0.7208151598755765,32,0,Batsman
301,Harshit Rana,2025,13,31.386446886447082,28.16937211752635,0.897501148168833,4,20,Bowler
8,JJ Bumrah,2018,14,34.107142857142996,21.773857839755507,0.6383958319509442,0,23,Bowler
81,MK Pandey,2023,9,20.903967931563756,18.505748032825363,0.885274417441235,16,0,Batsman
282,Mukesh Choudhary,2022,13,29.542124542124768,36.18637345406688,1.22490761970988,0,21,Bowler
91,SN Thakur,2018,13,32.25291375291385,17.875254727738838,0.5542213911176915,0,21,Bowler
118,F du Plessis,2019,12,42.57144525737425,33.55097079198847,0.7881097432598145,26,0,Batsman
384,SB Dubey,2025,8,17.783279220779214,18.350788508998917,1.0319125219355825,8,0,Utility
38,DA Miller,2023,15,25.740591815591802,21.782168766938454,0.8462186465248395,11,0,Utility
294,Yash Dayal,2022,9,33.388888888888886,24.929623164241995,0.7466442877809584,0,21,Bowler
332,Suyash Sharma,2025,14,13.13095238095257,28.95687764807798,2.2052381889741755,0,21,Bowler
4,SA Yadav,2019,16,33.48157338023808,21.086814994330652,0.6298035864341064,20,0,Batsman
74,S Gopal,2020,14,19.154761904762,20.92543378281037,1.0924402969273226,2,21,Bowler
161,I Sharma,2019,13,27.57692307692323,25.99489046878878,0.9426320114205083,0,21,Bowler
61,RK Singh,2025,11,28.57659791189202,17.17139122191065,0.6008899755966002,12,0,Utility
164,SM Curran,2023,14,38.4232222524491,29.563393770863787,0.7694147455053542,14,20,All-Rounder
20,Harbhajan Singh,2018,13,15.605249822641353,16.531969279742164,1.0593851087059338,2,14,Bowler
47,V Kohli,2019,14,37.68245714829373,38.000640279749874,1.0084437999943576,23,0,Batsman
27,RR Pant,2021,16,33.2538189716869,18.458723508165992,0.555085824093834,20,0,Batsman
388,J Fraser-McGurk,2024,10,48.03650793650793,36.75029976623066,0.7650493623475967,14,0,Utility
153,S Dube,2021,9,28.55099704158842,24.970656678243973,0.874598412163008,21,3,Batsman
343,Noor Ahmad,2024,10,22.1,24.326254678159287,1.1007355057990627,0,20,Bowler
19,DL Chahar,2023,10,31.0833333333334,34.65137216031416,1.1147894528787374,0,20,Bowler
146,Abhishek Sharma,2024,16,46.74864831130918,33.28410129741399,0.7119799716083358,14,2,Utility
163,N Pooran,2022,14,29.51397225556886,26.9540012855261,0.9132624050779973,15,0,Batsman
330,Dhruv Jurel,2023,11,18.704545454545443,18.339596037761634,0.9804887310589459,8,0,Utility
3,Ishan Kishan,2018,12,32.65305647691426,29.94261852582306,0.9169928256790454,15,0,Batsman
130,M Ashwin,2019,10,14.3,21.988886081634767,1.5376843413730605,0,20,Bowler
93,GJ Maxwell,2023,14,40.826320914990845,39.41239983975253,0.9653674138754162,15,4,Batsman
277,Mohsin Khan,2022,9,45.20370370370378,38.57107236591677,0.853272391544245,1,22,Bowler
85,Rashid Khan,2025,15,16.6111111111112,25.2835245517038,1.522085090069117,1,22,Bowler
123,Avesh Khan,2022,13,37.04778554778584,38.87413608050044,1.0492971578654517,1,22,Bowler
16,MS Dhoni,2019,14,38.54546183061949,31.707964813935682,0.8226121392258873,22,0,Batsman
46,Q de Kock,2018,8,33.556564803372034,17.948018902723437,0.5348586486099398,20,0,Batsman
33,Mohammed Shami,2025,9,11.370370370370889,25.932709099408868,2.280726858905562,1,20,Bowler
82,DJ Hooda,2021,12,22.21119158619157,28.40717736817543,1.2789578288918018,10,8,All-Rounder
230,MR Marsh,2025,13,56.51744028457737,40.43366769937022,0.7154193023565483,29,0,Batsman
69,SV Samson,2020,14,36.47267805798909,36.26450814633549,0.9942924423777538,16,0,Batsman
427,JP Inglis,2025,11,37.62018799614703,25.87729637528343,0.6878566470197788,15,0,Batsman
39,MP Stoinis,2021,10,14.97031608630086,16.120670223899566,1.076842341268357,7,6,Utility
32,TA Boult,2024,15,28.061904761904934,27.427335454956573,0.9773868056237647,1,21,Bowler
62,AD Russell,2023,14,34.734614786065386,28.962148809357295,0.8338122932336692,11,6,All-Rounder
116,HV Patel,2025,13,30.914969088882376,35.08003234133222,1.1347264246156947,2,20,Bowler
152,SO Hetmyer,2020,12,21.832896270396247,22.30341978530278,1.021551126752914,10,0,Utility
236,KA Jamieson,2021,9,28.391090391090902,28.619907037647245,1.0080594525748876,6,18,Bowler
61,RK Singh,2022,8,34.17597492372232,27.49113572457607,0.8043994585650824,14,0,Utility
58,RV Uthappa,2018,16,27.699308031939207,23.00591229907797,0.8305590981749642,16,0,Batsman
91,SN Thakur,2021,16,32.67344497607675,25.552380757625375,0.782053461957704,0,22,Bowler
97,Sandeep Sharma,2025,10,20.7085714285716,17.786701955109862,0.8589053096424394,0,22,Bowler
258,AK Markram,2022,14,34.55561861601006,24.61001497614743,0.7121856289021924,19,2,Batsman
1,RG Sharma,2024,14,36.14431937122497,35.377788796093036,0.9787925021561708,19,0,Batsman
121,PP Shaw,2020,13,22.09205360966191,27.074325062353836,1.225523237482682,12,0,Utility
294,Yash Dayal,2025,15,20.6826458565592,21.774547838942507,1.0527931479345534,0,19,Bowler
8,JJ Bumrah,2021,14,41.32142857142857,25.746999185011195,0.6230907322215329,1,23,Bowler
81,MK Pandey,2020,15,34.41560842028287,26.331201545775645,0.7650947565482331,22,0,Batsman
98,AJ Finch,2018,9,19.938578329882667,19.388992287301082,0.9724360466684879,11,0,Utility
165,SPD Smith,2021,9,25.595443276579164,16.482018227191382,0.6439434570087355,15,0,Batsman
205,Ravi Bishnoi,2021,9,39.666666666666664,28.76195403653931,0.7250912782320835,0,24,Bowler
302,K Kartikeya,2023,8,14.7708333333335,15.188743090416283,1.028292903159342,0,19,Bowler
7,KA Pollard,2020,15,32.59545931192997,26.29352817760665,0.8066622999843168,9,8,Utility
164,SM Curran,2020,14,41.24042816352859,32.44411614273129,0.7867065786534094,10,18,All-Rounder
354,Akash Madhwal,2023,8,47.2380952380955,60.173285293713064,1.2738296281935155,0,19,Bowler
151,KK Ahmed,2019,9,53.78431372549022,28.149866938415894,0.5233843287857127,0,23,Bowler
167,CV Varun,2024,14,37.55952380952385,30.205252779645637,0.8041969044343045,0,21,Bowler
217,RD Gaikwad,2021,16,45.59206807436444,37.45617121300135,0.8215501685930814,29,0,Batsman
325,Arshad Khan,2025,9,19.105820105820243,11.573847919181338,0.6057760334326384,2,14,Bowler
207,EJG Morgan,2020,14,34.5722598384681,22.672005667298265,0.655786048503298,21,0,Batsman
27,RR Pant,2018,14,59.86519927565826,40.62410512050069,0.6785929991386301,28,0,Batsman
56,SP Narine,2022,14,28.702380952380953,21.169561539515538,0.7375541971461241,2,24,Bowler
160,K Rabada,2019,12,64.15451722190868,27.76877108578867,0.4328420240423176,1,24,Bowler
33,Mohammed Shami,2020,14,39.712370962371146,35.30263110301927,0.8889580311502867,0,23,Bowler
50,Mandeep Singh,2018,13,23.5045228298984,17.682235109257057,0.7522907500493806,14,0,Utility
32,TA Boult,2025,16,33.17777014652037,31.98858380678585,0.9641571348983728,0,21,Bowler
320,Mukesh Kumar,2023,10,16.9,25.56560189003967,1.5127575082863711,0,18,Bowler
120,JC Archer,2019,11,38.4228650137741,38.64179311496592,1.0056978598840387,3,23,Bowler
253,VR Iyer,2022,12,17.11416919801065,18.324791653456078,1.0707380207264838,14,2,Utility
13,AT Rayudu,2022,12,26.78534532092405,26.732639568328008,0.9980322914651815,18,0,Batsman
46,Q de Kock,2019,16,44.666860149280986,26.99016286084552,0.6042547600310784,24,0,Batsman
93,GJ Maxwell,2018,12,28.72937710437709,23.820325767819927,0.8291278185836741,10,8,All-Rounder
123,Avesh Khan,2023,9,18.27777777777778,31.51597919222001,1.7242784968387845,0,19,Bowler
6,KH Pandya,2019,16,32.919328067765605,27.42464028086548,0.8330862715183883,9,17,Bowler
19,DL Chahar,2018,12,26.8440170940175,31.984222543341872,1.1914842115962565,2,19,Bowler
5,HH Pandya,2024,14,36.47497740354891,26.75485608373359,0.7335126157235239,10,15,All-Rounder
162,Rasikh Salam,2024,8,24.145833333333663,38.79560168778745,1.6067203459998036,3,18,Bowler
25,SS Iyer,2022,14,33.91483448677185,24.363029694169985,0.718359091614395,21,0,Batsman
156,JM Bairstow,2020,11,37.94475202757997,35.82043518320668,0.9440155296619348,24,0,Batsman
29,CH Morris,2021,11,44.33884297520679,41.85690306171338,0.9440233495745198,4,22,Bowler
62,AD Russell,2018,16,47.35356240981264,39.340138975630076,0.8307746444748576,10,14,All-Rounder
69,SV Samson,2021,14,41.809093822215345,41.064009025248225,0.9821788819404831,25,0,Batsman
146,Abhishek Sharma,2025,14,42.10993144486174,47.66248697709106,1.1318585744909078,16,4,Batsman
343,Noor Ahmad,2025,14,42.607142857142854,36.115827859513644,0.8476472590665399,1,21,Bowler
18,DJ Bravo,2019,12,36.37275326797391,31.253905359730197,0.8592669663874237,5,20,Bowler
328,Yash Thakur,2024,10,22.3409420289856,43.242893536422464,1.9355895324520442,0,21,Bowler
41,R Ashwin,2021,13,20.00570060800273,18.7978879956875,0.9396265776449699,3,20,Bowler
58,RV Uthappa,2019,11,29.98829275531402,19.219499003305778,0.6409000725758228,22,0,Batsman
81,MK Pandey,2021,8,43.3718172347712,28.57877060636723,0.6589249062742896,29,0,Batsman
91,SN Thakur,2024,9,15.363636363636378,17.139814578975248,1.1156092329510505,1,21,Bowler
151,KK Ahmed,2022,10,38.934210526315795,29.436461588522643,0.7560564652679015,0,23,Bowler
85,Rashid Khan,2020,16,38.700892857142875,27.25458481994328,0.7042365901104269,1,24,Bowler
284,VG Arora,2025,12,36.6,22.745469079277385,0.621460903805393,0,21,Bowler
101,Shubman Gill,2019,13,27.086744604601726,30.862319120478467,1.1393882716801382,18,0,Batsman
155,DA Warner,2021,8,26.78989919063445,28.235233532046376,1.053950719677109,23,0,Batsman
324,N Wadhera,2025,15,30.584471729003603,26.02049209061574,0.8507746127241496,16,0,Batsman
265,TH David,2022,8,36.80212842712841,23.838275378279086,0.6477417583464244,10,0,Utility
31,A Mishra,2018,10,33.2666666666668,32.73982737120471,0.9841631474309994,0,22,Bowler
332,Suyash Sharma,2023,11,23.393939393939636,31.243956991470125,1.3355577470446935,0,21,Bowler
60,KD Karthik,2024,14,30.837398281497645,27.90328809041983,0.9048522133970598,12,0,Utility
234,M Jansen,2022,8,23.75,25.9587584999195,1.0930003578913474,0,24,Bowler
10,Mustafizur Rahman,2021,14,30.18707482993229,32.95180510562988,1.0915865578653614,1,22,Bowler
74,S Gopal,2018,10,32.7166666666668,38.005201885667816,1.1616465171370656,4,18,Bowler
207,EJG Morgan,2021,15,13.659410878976095,18.83769873970902,1.379100380434642,9,0,Utility
214,Abdul Samad,2024,13,23.890220890220878,17.90250883669915,0.749365563381094,8,0,Utility
371,MA Starc,2024,13,36.13712374582,34.37727995042757,0.9513009444865963,0,19,Bowler
17,RA Jadeja,2024,14,37.512202928090154,37.298857842377444,0.9943126484434496,13,20,All-Rounder
4,SA Yadav,2025,16,55.764968365023705,20.16362942795298,0.36158237006370814,26,0,Batsman
27,RR Pant,2019,16,44.992446688616006,32.25458332067794,0.7168888490084936,19,0,Batsman
64,PP Chawla,2023,16,36.72916666666675,26.068206476259284,0.7097412994103476,1,22,Bowler
97,Sandeep Sharma,2020,13,28.5,27.33587386567329,0.9591534689709926,1,24,Bowler
164,SM Curran,2021,9,31.57407407407407,29.36990039790254,0.9301903938338636,3,22,Bowler
261,NT Ellis,2023,11,27.606060606060726,30.165402618753664,1.092709425267691,0,20,Bowler
116,HV Patel,2023,13,25.148033126294155,23.002173065835184,0.9146708591609372,0,21,Bowler
283,JM Sharma,2024,12,26.293560606060595,12.986047887571164,0.49388700458384915,11,0,Utility
70,BA Stokes,2019,9,28.06980056980092,29.81829637070682,1.062290994784873,11,11,All-Rounder
86,B Kumar,2024,16,14.72916666666675,27.677231918431854,1.8790765658906952,1,21,Bowler
146,Abhishek Sharma,2022,14,33.06332653874945,29.154339650235528,0.8817727283450236,22,1,Batsman
80,KS Williamson,2020,12,31.90591620854776,25.631762878362206,0.8033545475022379,19,1,Batsman
73,K Gowtham,2023,8,25.893356643356626,23.71762104172114,0.9159732115228211,4,12,Bowler
230,MR Marsh,2023,9,51.4766743404515,56.380281531931544,1.0952588187622423,10,13,All-Rounder
25,SS Iyer,2025,17,44.526474841490845,39.267650837372,0.8818944454318548,20,0,Batsman
43,MM Sharma,2024,12,26.938492063492117,43.77972643055328,1.6251736113278936,1,19,Bowler
379,TM Head,2025,12,38.7999967580404,32.819132733793346,0.8458540071138625,19,0,Batsman
3,Ishan Kishan,2024,14,32.19003520127009,27.54022660681509,0.8555513044523934,15,0,Batsman
33,Mohammed Shami,2023,17,41.862745098039404,35.85533410331187,0.8564974422805138,0,22,Bowler
93,GJ Maxwell,2021,15,44.50990734321344,33.81195936673976,0.7596501854298999,23,6,All-Rounder
62,AD Russell,2021,10,45.971212121212446,43.92630912219525,0.9555177489419815,12,11,All-Rounder
55,YS Chahal,2024,15,30.044444444444533,25.881864296663423,0.8614525838386469,0,23,Bowler
85,Rashid Khan,2023,17,53.2610294117647,48.410074066662055,0.908921111764484,3,23,Bowler
39,MP Stoinis,2019,10,29.62320620555925,23.050725171363265,0.778130665918176,15,10,All-Rounder
69,SV Samson,2018,15,35.017791514359,29.99551007696497,0.8565791496207107,21,0,Batsman
56,SP Narine,2025,12,52.241568208480174,46.51356996023278,0.890355545503751,12,22,All-Rounder
366,R Ravindra,2024,10,32.49448198198196,32.676187748264574,1.0055918960758743,13,1,Utility
253,VR Iyer,2025,8,23.759414700544436,31.02683685150085,1.3058754705262114,12,0,Utility
32,TA Boult,2022,16,30.583333333333375,19.934057957843518,0.6517948106106863,1,23,Bowler
92,Shivam Mavi,2020,8,29.916666666667,27.214608588677294,0.9096805099279217,1,19,Bowler
52,Washington Sundar,2020,15,24.778980278980352,24.27996338409366,0.9798612820516265,6,20,Bowler
82,DJ Hooda,2019,8,19.881155303030287,13.50430447113917,0.6792514954641918,7,1,Utility
8,JJ Bumrah,2019,16,38.2337662337665,35.141802801005525,0.9191300324991191,0,23,Bowler
165,SPD Smith,2019,11,31.631738880931174,26.639979641291127,0.8421914375801429,25,0,Batsman
181,R Parag,2024,15,46.62292601095843,31.208937430911327,0.6693903643794441,25,1,Batsman
1,RG Sharma,2022,14,24.198796236857003,21.966715414696647,0.907760667088031,15,0,Batsman
37,KK Nair,2025,8,31.413372507122485,36.13108980201606,1.1501818148886722,14,0,Utility
234,M Jansen,2025,14,33.84461152882237,26.551653393802162,0.7845164176634304,4,20,Bowler
391,WG Jacks,2025,13,35.06399860889033,30.821137326405285,0.8789966503874637,13,6,All-Rounder
128,MK Lomror,2023,11,19.7685475444096,23.328794955561055,1.1800965601116338,8,1,Utility
218,KL Nagarkoti,2020,10,14.694871794872057,26.754979778480234,1.8207018170663243,3,15,Bowler
272,PBB Rajapaksa,2022,9,29.884018759018748,17.590804579194952,0.5886358431590194,14,0,Utility
81,MK Pandey,2018,14,25.217179694844415,26.043421066062162,1.0327650189758004,17,0,Batsman
120,JC Archer,2025,12,26.670370370370424,24.61559337770119,0.92295656325223,4,22,Bowler
134,PA Patel,2019,14,33.062553174922485,24.250846117649083,0.7334837690648475,19,0,Batsman
97,Sandeep Sharma,2023,12,31.791666666666668,32.92309104932926,1.0355887092842755,0,23,Bowler
157,LH Ferguson,2021,8,49.85795454545454,25.066386914583337,0.5027560224463439,1,22,Bowler
254,Umran Malik,2023,8,16.8125,21.118606386650747,1.2561252869383344,1,15,Bowler
265,TH David,2025,10,28.38418803418802,23.79918690355437,0.8384663628527568,10,0,Utility
67,AM Rahane,2024,12,22.121710526315777,17.769192875322585,0.8032467857394898,16,0,Batsman
20,Harbhajan Singh,2019,11,43.86363636363637,37.377192851450815,0.8521225313284123,0,24,Bowler
151,KK Ahmed,2025,14,24.382034632034998,31.06981055189816,1.274291133647897,0,20,Bowler
153,S Dube,2022,11,34.48089067122581,35.70516427157389,1.0355058577813867,16,1,Batsman
286,B Sai Sudharsan,2025,15,61.059250073225094,31.155266470422816,0.5102464644269291,32,0,Batsman
26,V Shankar,2023,11,33.77557406361753,26.326551448858037,0.7794553365479743,17,0,Batsman
86,B Kumar,2021,11,16.075757575757635,12.220739120301456,0.7601967784541876,2,22,Bowler
130,M Ashwin,2020,9,31.666666666666888,21.909060784169743,0.6918650773948292,0,21,Bowler
66,Kuldeep Yadav,2023,14,19.443977591036457,21.762676188623693,1.119250219597874,3,21,Bowler
223,Shahbaz Ahmed,2023,9,11.314814814814955,7.367554831661029,0.6511423255477752,4,4,Utility
290,Ramandeep Singh,2024,11,18.99286987522281,16.64574874802378,0.8764209336125147,5,0,Utility
3,Ishan Kishan,2021,10,27.728548463919953,38.10314740378223,1.374148648760377,18,0,Batsman
93,GJ Maxwell,2024,10,25.573684210526512,24.622452047488977,0.9628042578766968,4,9,Utility
172,MJ Santner,2025,13,25.795463510848183,25.490484449124722,0.9881770272670153,2,18,Bowler
329,Abishek Porel,2025,13,28.634062918273422,19.530794972205573,0.6820825611772191,15,0,Batsman
16,MS Dhoni,2020,14,23.427322210935635,17.149607098523983,0.7320344572082046,12,0,Utility
76,JD Unadkat,2018,15,22.049629629629894,22.089588259291222,1.0018122131905396,2,20,Bowler
103,CH Gayle,2019,13,44.00324049255103,35.23279317317994,0.8006863307974836,24,0,Batsman
140,MM Ali,2023,14,27.510342598577882,33.415348819205406,1.2146467714630633,6,11,Utility
240,C Sakariya,2021,14,26.222943722943818,26.912172110767127,1.0262834102496383,1,22,Bowler
35,MA Agarwal,2023,10,33.53407416196385,29.646341721666623,0.8840662061662968,21,0,Batsman
82,DJ Hooda,2022,15,37.98727367625024,24.820075792746522,0.6533787079398675,22,1,Batsman
59,N Rana,2020,14,29.058558839558078,33.80772742660717,1.1634344157695784,18,0,Batsman
6,KH Pandya,2025,15,37.71323877068566,36.57609165907057,0.9698475350120555,5,18,Bowler
55,YS Chahal,2021,15,34.05396825396825,25.86183491001898,0.7594367480801697,1,21,Bowler
163,N Pooran,2025,14,50.80328712681652,39.86669929873735,0.7847267677625078,19,0,Batsman
62,AD Russell,2024,14,52.056319369853284,37.013085225601635,0.7110200197334073,8,12,Bowler
149,RD Chahar,2023,14,15.873376623376856,21.797184281596497,1.3731914008450854,0,21,Bowler
219,TU Deshpande,2024,13,32.43589743589754,34.09583025863474,1.051175794534981,0,22,Bowler
39,MP Stoinis,2022,11,28.94184491978608,24.72831624458547,0.8544139571309763,9,3,Utility
5,HH Pandya,2018,13,58.107688076788044,41.646810552132884,0.7167177344432897,15,19,All-Rounder
34,KL Rahul,2024,14,48.9537543836385,26.7006325768386,0.5454256351329528,27,0,Batsman
121,PP Shaw,2023,8,15.628588516746401,19.439946008987064,1.2438708708823387,10,0,Utility
138,M Prasidh Krishna,2021,10,28.935714285714404,24.806426321581743,0.8572944174330857,0,23,Bowler
28,R Tewatia,2020,14,46.66454554091622,35.831040384308565,0.7678429087644566,13,19,All-Rounder
161,I Sharma,2023,8,28.75000000000025,25.140557254118747,0.8744541653606445,0,18,Bowler
185,Arshdeep Singh,2020,8,32.16666666666675,38.6443901347774,1.201380004189968,0,18,Bowler
318,KR Mayers,2023,13,34.07540775593724,32.111692985541225,0.9423714960519038,20,3,Batsman
48,AB de Villiers,2018,11,56.00270544835758,40.99379790496343,0.7319967415282377,25,0,Batsman
75,DS Kulkarni,2019,10,15.383333333333798,15.204176245644968,0.9883538187851252,0,21,Bowler
385,Ashutosh Sharma,2024,10,24.685055385790662,25.726400973687333,1.0421852643885943,11,0,Utility
248,Anuj Rawat,2022,9,19.938061465721034,23.23581026136353,1.1653996704399885,13,0,Utility
381,A Raghuvanshi,2025,11,31.832489341394783,17.303607846399316,0.5435832448044774,19,0,Batsman
78,WP Saha,2023,17,27.711169561489623,25.191152990631803,0.9090613420243402,16,0,Batsman
71,RA Tripathi,2020,11,24.53036379841191,28.409368627507472,1.1581307501581648,16,0,Batsman
88,S Kaul,2018,17,34.186274509804,28.130516888108346,0.8228599720639647,0,23,Bowler
275,A Badoni,2023,12,23.10043891293888,22.700965219409206,0.9827070950887464,14,0,Utility
1,RG Sharma,2019,15,31.179787975182688,22.55680359910034,0.7234431362090805,21,0,Batsman
158,CA Ingram,2019,12,16.540377504700018,16.81118879264984,1.0163727392481139,12,0,Utility
154,Navdeep Saini,2020,13,16.237762237762613,17.787727556675797,1.095454367185435,2,21,Bowler
107,Mohammed Siraj,2021,15,22.38253968254003,24.39232048337875,1.0897923483815597,1,20,Bowler
131,TG Southee,2018,8,31.135180995475103,47.203404346550705,1.5160793301124798,5,21,Bowler
217,RD Gaikwad,2022,14,30.6096457002215,36.029429475601034,1.177061303762177,20,0,Batsman
412,DS Rathi,2025,13,27.115384615384617,18.10404403044829,0.6676668720449014,0,24,Bowler
40,AR Patel,2020,16,31.014204545454543,19.82469116584005,0.6392132719955755,5,19,Bowler
57,CA Lynn,2018,16,35.24707661534634,24.286220143510363,0.6890279272958572,23,0,Batsman
181,R Parag,2021,11,18.36157024793388,20.62579876876861,1.1233134470669528,7,3,Utility
17,RA Jadeja,2018,16,27.802884615384613,24.535012517838528,0.8824628399983424,4,15,Bowler
47,V Kohli,2023,14,56.91518553928124,38.17257729756876,0.6706923106000091,32,0,Batsman
101,Shubman Gill,2025,15,53.41197700688363,37.05395867737387,0.6937387596156276,27,0,Batsman
258,AK Markram,2025,13,50.207343800395876,35.00803045044028,0.6972691204222647,23,5,Batsman
13,AT Rayudu,2019,17,18.398240446534665,19.84684173356707,1.0787358601623913,17,0,Batsman
6,KH Pandya,2022,14,38.489578514423265,33.13574969234022,0.8609018589258701,10,16,All-Rounder
16,MS Dhoni,2023,14,12.66596638655462,11.596286607127366,0.9155469273499133,4,0,Utility
43,MM Sharma,2018,9,16.326093010304223,22.43841943790804,1.3743900285111703,1,19,Bowler
56,SP Narine,2019,12,35.23472222222233,23.466538027295854,0.6660060459479271,7,22,Bowler
160,K Rabada,2022,13,47.13782051282077,32.622815418449115,0.6920730543656809,3,22,Bowler
86,B Kumar,2018,12,22.40457203615119,25.44478250361556,1.1356959848444683,1,23,Bowler
149,RD Chahar,2020,15,26.4555555555556,22.83128828751723,0.8630054371594067,0,21,Bowler
126,C de Grandhomme,2018,9,26.952820975133477,20.907285973554934,0.7756993597384066,9,10,Utility
5,HH Pandya,2021,11,14.736482471776583,15.224236072452461,1.0330983734829549,10,0,Utility
113,H Klaasen,2025,13,49.12657738652019,29.719991874609274,0.6049676866510982,21,0,Batsman
112,KV Sharma,2024,9,22.055555555555777,22.182794884524334,1.005769037585476,1,16,Bowler
153,S Dube,2025,14,28.97114278687553,16.249514141903074,0.5608861984299911,19,0,Batsman
310,M Pathirana,2025,12,28.946581196581334,31.93828511899967,1.103352582541653,0,20,Bowler
35,MA Agarwal,2020,11,49.37564307037988,38.36717687103011,0.7770466263364239,24,0,Batsman
72,JC Buttler,2024,11,36.958188374618366,43.826847501596966,1.1858494539114304,23,0,Batsman
12,SR Watson,2018,15,52.473968311488065,52.42809004165136,0.999125694676561,23,11,All-Rounder
25,SS Iyer,2019,16,34.49969789839603,25.289315387205495,0.73303005323943,24,0,Batsman
79,S Dhawan,2021,16,43.39944574737505,34.246019906517894,0.7890888769838544,29,0,Batsman
59,N Rana,2023,14,40.36784827682802,29.10942445544501,0.7211041880613295,20,3,Batsman
216,YBK Jaiswal,2023,14,56.467300800927305,41.247406373794,0.7304653452306797,27,0,Batsman
95,BCJ Cutting,2018,9,22.314814814814888,19.730377812955716,0.8841829061407512,6,11,Utility
268,Tilak Varma,2023,11,41.33888364056968,29.14739337039086,0.7050841920120412,19,0,Batsman
55,YS Chahal,2018,14,22.047619047619428,23.947452139642223,1.0861695354913132,0,21,Bowler
41,R Ashwin,2024,14,22.519480519480506,26.90710708423988,1.1948369351133057,5,23,Bowler
71,RA Tripathi,2023,13,23.64951682097633,22.905783763015776,0.9685518709075321,16,0,Batsman
101,Shubman Gill,2022,16,35.911091941946594,35.28113224200863,0.9824577960214536,22,0,Batsman
18,DJ Bravo,2022,10,44.0166666666668,25.118570671767728,0.570660446916342,2,20,Bowler
48,AB de Villiers,2021,15,31.71934100757628,33.95740884950021,1.0705584596284443,14,0,Utility
28,R Tewatia,2023,13,11.921808960270491,7.050140417255651,0.5913649883797243,4,1,Utility
58,RV Uthappa,2022,11,26.689837771655945,32.20215714794362,1.2065325171118741,15,0,Batsman
88,S Kaul,2021,8,25.227272727273,24.503607907250426,0.9713141873144208,1,22,Bowler
118,F du Plessis,2020,13,45.66229811204175,34.71779080102161,0.7603163273962785,24,0,Batsman
155,DA Warner,2024,8,28.928073152337838,23.885202068683817,0.8256755278134909,15,0,Batsman
185,Arshdeep Singh,2023,14,28.516563146998287,28.395278441263194,0.9957468680531419,0,21,Bowler
215,T Natarajan,2022,11,42.393939393939455,29.367903183130778,0.692738245206086,0,23,Bowler
40,AR Patel,2023,14,47.132838589981716,28.963461396759936,0.6145070456867463,14,20,All-Rounder
197,P Simran Singh,2023,14,29.949239614874273,33.36825944544749,1.1141604886981893,17,0,Batsman
214,Abdul Samad,2021,11,19.18903318903317,12.359419012408537,0.6440876354037542,7,0,Utility
237,M Shahrukh Khan,2023,12,20.027173913043473,18.3050827568326,0.9140122733398098,7,0,Utility
362,Nithish Kumar Reddy,2025,13,25.990452985928087,20.152747922501682,0.7753904071396104,11,2,Utility
10,Mustafizur Rahman,2024,9,35.93837535014023,30.55961830282246,0.8503338841860925,0,22,Bowler
60,KD Karthik,2021,17,16.33085052202697,13.208696933504337,0.8088186782242915,10,0,Utility
67,AM Rahane,2018,14,29.57509899695993,22.39472871667963,0.7572156806298981,22,0,Batsman
208,PJ Cummins,2025,14,35.15367965367981,38.94512844369321,1.1078535398673839,4,21,Bowler
17,RA Jadeja,2021,16,43.5087057550296,38.130966095925544,0.876398537585035,9,18,Bowler
47,V Kohli,2020,15,33.27335130286402,28.875238759398442,0.8678187687367996,25,0,Batsman
107,Mohammed Siraj,2018,11,30.257575757575875,26.318071910588557,0.8698010746614111,2,22,Bowler
